email_id,name
alendon0@123-reg.co.uk,Adi Lendon
ymatthews1@storify.com,Yettie Matthews
wohingerty2@mediafire.com,Wilona O'Hingerty
rfree3@ning.com,Rina Free
rbalsellie4@pbs.org,Rivi Balsellie
crubi5@gizmodo.com,Concettina Rubi
jbraban6@nsw.gov.au,Jojo Braban
dbriat7@mac.com,Dulcea Briat
hwintringham8@clickbank.net,Harold Wintringham
cingre9@vistaprint.com,Constantine Ingre
ltukea@theatlantic.com,Lenka Tuke
ahedditehb@livejournal.com,Amye Hedditeh
kvonc@nih.gov,Katharyn Von Brook
aosbournd@indiatimes.com,Amandie Osbourn
ebazogee@marketwatch.com,Evaleen Bazoge
jreicheltf@tripod.com,Jeromy Reichelt
cmcduffieg@omniture.com,Celestina McDuffie
cdyetth@elpais.com,Cynde Dyett
ibassili@soundcloud.com,Ida Bassil
jtolomellij@microsoft.com,Jarred Tolomelli
teblek@imdb.com,Tedd Eble
whalml@tinyurl.com,Warren Halm
kcranmerem@army.mil,Kamilah Cranmere
bcoumben@hostgator.com,Bayard Coumbe
pfelkino@google.cn,Pamelina Felkin
rharviep@adobe.com,Ranna Harvie
dwaddingtonq@i2i.jp,Dari Waddington
dridholer@prweb.com,Drucy Ridhole
gwalshes@instagram.com,Gigi Walshe
dyeldent@wikimedia.org,Deanne Yelden
rthibodeauxu@harvard.edu,Roberta Thibodeaux
msportonv@booking.com,Marisa Sporton
jalleynew@google.it,Jobyna Alleyne
cfarrisx@eventbrite.com,Claudetta Farris
jgillingwatery@wikia.com,Jordan Gillingwater
tdullinghamz@google.com.hk,Tobit Dullingham
kfreschini10@virginia.edu,Katine Freschini
lguerner11@indiatimes.com,Liliane Guerner
blowman12@lycos.com,Bran Lowman
jkelby13@studiopress.com,Josy Kelby
cblasik14@nyu.edu,Cristionna Blasik
csimonnot15@europa.eu,Carver Simonnot
hlarter16@ebay.co.uk,Herschel Larter
cturbill17@vistaprint.com,Cayla Turbill
awhiterod18@globo.com,Amitie Whiterod
cladell19@delicious.com,Chloe Ladell
kreisenstein1a@wired.com,Kerianne Reisenstein
apressland1b@discovery.com,Ashleigh Pressland
ngrasner1c@narod.ru,Nealy Grasner
jtreadgall1d@newsvine.com,Jasmina Treadgall
nbarstow1e@time.com,Norma Barstow
cafonso1f@baidu.com,Cesare Afonso
ddog1g@upenn.edu,Dar Dog
tcopper1h@wunderground.com,Tera Copper
kbenito1i@aboutads.info,Kimbra Benito
msole1j@arizona.edu,Maxim Sole
acuttles1k@timesonline.co.uk,Annabal Cuttles
btattam1l@earthlink.net,Beth Tattam
ddaingerfield1m@unicef.org,Davy Daingerfield
rwillmont1n@msu.edu,Ryun Willmont
utunbridge1o@shutterfly.com,Ulysses Tunbridge
hcoultard1p@wired.com,Ham Coultard
lchance1q@dagondesign.com,Lucienne Chance
aabramino1r@vkontakte.ru,Alexandros Abramino
amacalroy1s@scientificamerican.com,Aleen MacAlroy
nwearn1t@wiley.com,Nady Wearn
jmaudlin1u@chronoengine.com,Jacenta Maudlin
mrickarsey1v@ca.gov,Merrie Rickarsey
lgarnsey1w@e-recht24.de,Lizette Garnsey
rodonohue1x@hatena.ne.jp,Rosalie O'Donohue
zcasserley1y@redcross.org,Zola Casserley
lnelson1z@artisteer.com,Lebbie Nelson
gcecchetelli20@fastcompany.com,Giulietta Cecchetelli
tgleadhall21@hud.gov,Tine Gleadhall
gcamous22@dailymotion.com,Gwynne Camous
bmaharg23@utexas.edu,Bryana Maharg
rlindner24@usa.gov,Rock Lindner
dphilcox25@latimes.com,Diane-marie Philcox
wsworne26@hud.gov,Wilbur Sworne
hfairlem27@mozilla.com,Hinda Fairlem
jadel28@google.de,Janenna Adel
fjeary29@wikispaces.com,Flory Jeary
kcrean2a@newsvine.com,Kalle Crean
eboller2b@webmd.com,Evered Boller
lbeaty2c@sourceforge.net,Laurianne Beaty
cgiocannoni2d@indiegogo.com,Conny Giocannoni
fdudlestone2e@harvard.edu,Fionnula Dudlestone
ewhitmarsh2f@marriott.com,Eddy Whitmarsh
sreiners2g@hatena.ne.jp,Siusan Reiners
cfadell2h@slashdot.org,Caesar Fadell
pkeelin2i@about.me,Pietro Keelin
bstiant2j@noaa.gov,Bradley Stiant
mkitney2k@shareasale.com,Meir Kitney
shek2l@github.io,Sydney Hek
mrobbie2m@bigcartel.com,Mallorie Robbie
mlemoir2n@so-net.ne.jp,Minnie Lemoir
svigneron2o@tmall.com,Sheree Vigneron
lmarlowe2p@furl.net,Letta Marlowe
mbromby2q@amazon.com,Maud Bromby
mthandi2r@fema.gov,Maurits Thandi
tbackshill2s@slideshare.net,Thekla Backshill
crabl2t@cnn.com,Cissiee Rabl
khowgate2u@state.gov,Kata Howgate
dnewark2v@springer.com,Deb Newark
tsommerville2w@vistaprint.com,Trescha Sommerville
twestgarth2x@about.com,Tommy Westgarth
emccraw2y@blogs.com,Emmy McCraw
rcarey2z@foxnews.com,Reinwald Carey
echaddock30@guardian.co.uk,Ermanno Chaddock
tklimpke31@usnews.com,Trisha Klimpke
everni32@earthlink.net,Elizabet Verni
scrummey33@jigsy.com,Salvidor Crummey
bsatterley34@delicious.com,Berri Satterley
cmcgavin35@theglobeandmail.com,Chandra McGavin
hadamsky36@ask.com,Hazel Adamsky
hlarrat37@boston.com,Hurleigh Larrat
tpeat38@seattletimes.com,Thorsten Peat
mrosle39@java.com,Minda Rosle
jbutting3a@networksolutions.com,Justino Butting
iflowers3b@rambler.ru,Ingaberg Flowers
bmccarver3c@yellowpages.com,Barbabas McCarver
kde3d@devhub.com,Kassi De Coursey
miorillo3e@issuu.com,Max Iorillo
clathleiff3f@addtoany.com,Carissa Lathleiff
gwybourne3g@chronoengine.com,Golda Wybourne
swixey3h@etsy.com,Sher Wixey
hgutherson3i@nifty.com,Hulda Gutherson
jbraunfeld3j@yelp.com,Jaclyn Braunfeld
bgorger3k@unc.edu,Bianca Gorger
leilers3l@sakura.ne.jp,Lissie Eilers
ngiorgi3m@themeforest.net,Neal Giorgi
toflaverty3n@constantcontact.com,Tremayne O'Flaverty
jthick3o@columbia.edu,Jory Thick
cskewes3p@columbia.edu,Cad Skewes
wgrummitt3q@last.fm,Waring Grummitt
hrobbins3r@paypal.com,Hanan Robbins
rbranche3s@dagondesign.com,Reynold Branche
jtroughton3t@princeton.edu,Justinn Troughton
rmccollum3u@mayoclinic.com,Rip McCollum
esatcher3v@dailymotion.com,Ermentrude Satcher
mfilimore3w@over-blog.com,Max Filimore
hbrunger3x@ehow.com,Harwilll Brunger
llovering3y@simplemachines.org,Loralyn Lovering
mbolstridge3z@amazon.co.uk,Marga Bolstridge
aormond40@telegraph.co.uk,Alix Ormond
hcheine41@drupal.org,Heall Cheine
ltimlett42@moonfruit.com,Letty Timlett
hkenney43@amazon.com,Hendrik Kenney
iabrahamsson44@pagesperso-orange.fr,Iseabal Abrahamsson
jkemwall45@google.com.hk,Jamie Kemwall
tcollum46@gizmodo.com,Torre Collum
mspat47@usatoday.com,Mandel Spat
piannini48@about.me,Perice Iannini
bdenning49@oaic.gov.au,Bradney Denning
lwyvill4a@cloudflare.com,Lemmie Wyvill
joguz4b@vk.com,Jacob Oguz
adechelette4c@4shared.com,Al Dechelette
agatch4d@dell.com,Adlai Gatch
kshillington4e@yale.edu,Kimberly Shillington
pconneau4f@ezinearticles.com,Paul Conneau
sjacquemard4g@yellowpages.com,Silas Jacquemard
nalkin4h@shinystat.com,Noell Alkin
lschoular4i@wisc.edu,Lindi Schoular
dbaumber4j@pbs.org,Dennison Baumber
jbelison4k@dion.ne.jp,Jessamine Belison
gquarrington4l@exblog.jp,Gerick Quarrington
jgirdlestone4m@google.com.au,Jedediah Girdlestone
mpleuman4n@nytimes.com,Mack Pleuman
kstanmer4o@seattletimes.com,Kathryne Stanmer
mbetjes4p@sogou.com,Meagan Betjes
fseldner4q@vk.com,Forrester Seldner
owenman4r@flickr.com,Omar Wenman
fkarleman4s@addthis.com,Frank Karleman
cprattin4t@google.es,Chiquita Prattin
tgravenell4u@mozilla.org,Trista Gravenell
lpateman4v@youku.com,Lisa Pateman
jderx4w@delicious.com,Jarib Derx
gvanlint4x@sina.com.cn,Genvieve Vanlint
sfogarty4y@ucoz.ru,Sauncho Fogarty
wespin4z@scientificamerican.com,Wallache Espin
hpeplay50@creativecommons.org,Hallie Peplay
cgraalman51@webs.com,Caro Graalman
mbergstram52@a8.net,Marina Bergstram
alindeberg53@163.com,Alfy Lindeberg
tcumo54@lycos.com,Tripp Cumo
ddenington55@baidu.com,Dominique Denington
frizzi56@jigsy.com,Frederique Rizzi
rburmaster57@utexas.edu,Rochelle Burmaster
bstopp58@ezinearticles.com,Barnebas Stopp
mgullyes59@flavors.me,Michaella Gullyes
amontague5a@wp.com,Albie Montague
gfaro5b@webeden.co.uk,Gustaf Faro
drisbridger5c@lycos.com,Dave Risbridger
mduckers5d@lulu.com,Myer Duckers
ihendrich5e@wiley.com,Imogen Hendrich
lclewarth5f@vinaora.com,Letizia Clewarth
olevecque5g@xing.com,Othella Levecque
pgrix5h@sciencedaily.com,Perice Grix
lloding5i@e-recht24.de,Leigh Loding
acreedland5j@cpanel.net,Abba Creedland
jstovell5k@360.cn,Jephthah Stovell
aboydell5l@wufoo.com,Ami Boydell
jbows5m@goo.ne.jp,Jillian Bows
kcoggan5n@theguardian.com,Katrine Coggan
dcrawcour5o@army.mil,Dom Crawcour
clothean5p@ocn.ne.jp,Candace Lothean
magius5q@wufoo.com,Marvin Agius
bpothecary5r@comsenz.com,Brandy Pothecary
wskelhorne5s@marriott.com,Wendi Skelhorne
dshipley5t@e-recht24.de,Demetra Shipley
cjojic5u@tripod.com,Cozmo Jojic
xmacdonogh5v@weebly.com,Xylia MacDonogh
lcowden5w@google.de,Leonanie Cowden
kgheorghescu5x@ihg.com,Kittie Gheorghescu
ematiebe5y@telegraph.co.uk,Elmore Matiebe
bhampstead5z@go.com,Birgitta Hampstead
hstormonth60@sourceforge.net,Hertha Stormonth
kmacgillacolm61@phpbb.com,Kingston MacGillacolm
mpickring62@e-recht24.de,Mathilda Pickring
tpantlin63@unesco.org,Tatum Pantlin
cclucas64@infoseek.co.jp,Corinna Clucas
gweepers65@smugmug.com,Giuditta Weepers
csidnall66@hc360.com,Cori Sidnall
gevans67@ucoz.com,Galina Evans
hkitt68@blinklist.com,Hali Kitt
jmckinlay69@soundcloud.com,Jorrie McKinlay
nwaghorn6a@google.com.br,Nicolis Waghorn
alerohan6b@spiegel.de,Ario Lerohan
asallery6c@nps.gov,Antoine Sallery
stoller6d@comcast.net,Suzanna Toller
mgoaley6e@buzzfeed.com,Mavis Goaley
tharbard6f@shutterfly.com,Trish Harbard
rkittoe6g@hibu.com,Rivkah Kittoe
jdelort6h@mapy.cz,Joanna Delort
dtomasutti6i@bravesites.com,Danya Tomasutti
cerwin6j@smugmug.com,Caresa Erwin
eingilson6k@tumblr.com,Edyth Ingilson
jkalinovich6l@networksolutions.com,Jacquie Kalinovich
aoliphard6m@forbes.com,Arlin Oliphard
dalderman6n@reference.com,Dewie Alderman
croberds6o@umich.edu,Christiana Roberds
efinlan6p@google.pl,Eleni Finlan
icroxford6q@ycombinator.com,Ilysa Croxford
aairy6r@multiply.com,Agnesse Airy
jvenditti6s@google.es,Jessa Venditti
wbrasner6t@nymag.com,Will Brasner
nfreddi6u@lycos.com,Norman Freddi
jgrigolon6v@state.tx.us,Joby Grigolon
gpascho6w@studiopress.com,Giorgi Pascho
mfripp6x@independent.co.uk,Molli Fripp
rkleen6y@tmall.com,Rachel Kleen
hbrameld6z@pbs.org,Hans Brameld
fchristofor70@elpais.com,Farrand Christofor
klethlay71@reverbnation.com,Kilian Lethlay
gmilmore72@printfriendly.com,Giusto Milmore
jscorer73@springer.com,Jarrett Scorer
kchazelas74@mashable.com,Kaylee Chazelas
ihayen75@topsy.com,Ilka Hayen
hklaussen76@usda.gov,Herschel Klaussen
glovelock77@yellowpages.com,Giffard Lovelock
bhayselden78@disqus.com,Bengt Hayselden
esmithers79@cbsnews.com,Eduard Smithers
qlorkin7a@indiegogo.com,Quintina Lorkin
cdack7b@java.com,Cally Dack
scisson7c@europa.eu,Sula Cisson
jsappell7d@dailymotion.com,Jodee Sappell
cvenny7e@xrea.com,Chevalier Venny
oskillen7f@timesonline.co.uk,Oswald Skillen
thanratty7g@who.int,Trix Hanratty
schomicki7h@pinterest.com,Susannah Chomicki
croches7i@engadget.com,Chelsie Roches
gvalentim7j@mtv.com,Gretchen Valentim
gsacks7k@artisteer.com,Greta Sacks
mgarnul7l@yale.edu,Miltie Garnul
agueste7m@163.com,Andros Gueste
varmin7n@ibm.com,Vinnie Armin
mfarrin7o@freewebs.com,Marjorie Farrin
wtirkin7p@mozilla.com,Winna Tirkin
dkinzel7q@webeden.co.uk,Danya Kinzel
mmacilhagga7r@techcrunch.com,Manolo MacIlhagga
jradbond7s@blogspot.com,Javier Radbond
dcraven7t@1688.com,Desdemona Craven
shardacre7u@ucoz.com,Sydney Hardacre
hyakovliv7v@rambler.ru,Hammad Yakovliv
brubinsky7w@linkedin.com,Benedetto Rubinsky
csolan7x@furl.net,Constancy Solan
dcasbolt7y@mac.com,Dorise Casbolt
apedrick7z@twitter.com,Andrea Pedrick
cbalogun80@free.fr,Cathyleen Balogun
fmcinnerny81@reverbnation.com,Flora McInnerny
kwannell82@pinterest.com,Karylin Wannell
cbaume83@so-net.ne.jp,Cleo Baume
slamacraft84@theatlantic.com,Son Lamacraft
cbartlomieczak85@google.co.uk,Chancey Bartlomieczak
nlouder86@yelp.com,Nicola Louder
aabrahmovici87@springer.com,Aksel Abrahmovici
jcaps88@pbs.org,Jacquenetta Caps
fribchester89@intel.com,Ferguson Ribchester
agraddon8a@nba.com,Amye Graddon
lfishlock8b@ning.com,Lianne Fishlock
wokroy8c@statcounter.com,Wadsworth Okroy
zpine8d@example.com,Zachariah Pine
dstaziker8e@flavors.me,Diana Staziker
cgaudin8f@statcounter.com,Concettina Gaudin
cboobyer8g@ihg.com,Cordell Boobyer
denston8h@booking.com,Dukey Enston
ashireff8i@nsw.gov.au,Ammamaria Shireff
bboyington8j@nifty.com,Brit Boyington
aatcherley8k@g.co,Ann Atcherley
ksaffe8l@wix.com,Kimbra Saffe
gmaddick8m@salon.com,Gilberta Maddick
seaseman8n@nih.gov,Stacie Easeman
vkidds8o@oakley.com,Vidovik Kidds
mhawtry8p@senate.gov,Manya Hawtry
mwhitton8q@mlb.com,Micheal Whitton
lmacturlough8r@github.io,Lacey MacTurlough
jkelmere8s@state.gov,Jamal Kelmere
bfrisby8t@marriott.com,Beatrisa Frisby
cmatuszkiewicz8u@sfgate.com,Calley Matuszkiewicz
vhuffy8v@constantcontact.com,Vick Huffy
sfrid8w@goo.ne.jp,Sharlene Frid
melcoate8x@dion.ne.jp,Morton Elcoate
nsawnwy8y@nsw.gov.au,Netti Sawnwy
piashvili8z@domainmarket.com,Polly Iashvili
odomanski90@dion.ne.jp,Owen Domanski
kburbage91@blogtalkradio.com,Kira Burbage
kbilliard92@1688.com,Kristoffer Billiard
hgolston93@miitbeian.gov.cn,Hurlee Golston
nculkin94@cdc.gov,Niccolo Culkin
prudloff95@people.com.cn,Padraig Rudloff
tavann96@ftc.gov,Terese Avann
sbatisse97@mozilla.org,Shepperd Batisse
eleven98@geocities.com,Erl Leven
mwerendell99@t-online.de,Micheal Werendell
plyard9a@bloomberg.com,Pen Lyard
rrigeby9b@yellowbook.com,Rob Rigeby
gmathewes9c@japanpost.jp,Garwin Mathewes
uboman9d@shop-pro.jp,Uriel Boman
ldevinn9e@jalbum.net,Law Devinn
btrouel9f@mail.ru,Bobbette Trouel
awannes9g@tripod.com,Alexa Wannes
jwey9h@comsenz.com,Joshua Wey
dalliband9i@netlog.com,Del Alliband
dbeddoe9j@home.pl,Deane Beddoe
aalcock9k@apache.org,Antony Alcock
bstrodder9l@hibu.com,Baily Strodder
tsyne9m@cpanel.net,Trevar Syne
cwrist9n@people.com.cn,Camilla Wrist
meastway9o@edublogs.org,Marlo Eastway
hcaffrey9p@typepad.com,Hanna Caffrey
aeakeley9q@cafepress.com,Arin Eakeley
zwogden9r@blog.com,Zaneta Wogden
jluscombe9s@google.com.br,Justen Luscombe
ksandeman9t@marriott.com,Kristos Sandeman
kwhibley9u@usda.gov,Kaitlin Whibley
gminshull9v@arizona.edu,Giffard Minshull
ddutt9w@google.com.hk,Dyna Dutt
jhaestier9x@nbcnews.com,Jessica Haestier
cjakel9y@craigslist.org,Camella Jakel
epetican9z@cam.ac.uk,Elly Petican
wallmonda0@thetimes.co.uk,Wanda Allmond
pdemainea1@wix.com,Prentiss Demaine
coa2@shareasale.com,Catrina O' Liddy
cgalletya3@yolasite.com,Cheslie Gallety
tridea4@ox.ac.uk,Toinette Ride
btraytea5@freewebs.com,Blanche Trayte
dpeea6@livejournal.com,Dewitt Pee
ssummonsa7@tmall.com,Susann Summons
slathea8@twitter.com,Stevena Lathe
askechleya9@t.co,Arabel Skechley
ptregunnahaa@timesonline.co.uk,Packston Tregunnah
bwomackab@utexas.edu,Benoit Womack
dduchesneac@dailymotion.com,Deidre Duchesne
fmanfordad@hp.com,Freemon Manford
aspencerae@vk.com,Addia Spencer
sfrichleyaf@zdnet.com,Sergei Frichley
mverbrugghenag@yale.edu,Marlena Verbrugghen
vdungeyah@va.gov,Vasilis Dungey
amcallai@marriott.com,Analise Mcall
bkuhwaldaj@yahoo.co.jp,Brice Kuhwald
zcasaccioak@paypal.com,Zebulon Casaccio
esherebrookal@arstechnica.com,Elfie Sherebrook
bvanam@cam.ac.uk,Bengt Van den Dael
pwithuran@php.net,Pepita Withur
gabbattao@technorati.com,Grayce Abbatt
gglandfieldap@hubpages.com,Giustina Glandfield
pbraunfeldaq@jiathis.com,Poul Braunfeld
egravellar@spotify.com,Eachelle Gravell
dtombsas@elpais.com,Deloris Tombs
pfallowfieldat@devhub.com,Pattin Fallowfield
mhumbatchau@macromedia.com,Marquita Humbatch
slemonnierav@com.com,Sally Lemonnier
csawnwyaw@china.com.cn,Calida Sawnwy
tgummeax@drupal.org,Tamma Gumme
shurdisay@miitbeian.gov.cn,Sanderson Hurdis
gdallasaz@shop-pro.jp,Gwenora Dallas
bsicklingb0@theatlantic.com,Bonny Sickling
ldowntonb1@photobucket.com,Laverne Downton
maldayb2@edublogs.org,Myron Alday
rgeorgb3@behance.net,Ronni Georg
ewroeb4@tripadvisor.com,Eyde Wroe
bgoughb5@google.ru,Bobine Gough
cholganb6@yolasite.com,Cordula Holgan
nstannardb7@microsoft.com,Nealy Stannard
cbaytropb8@springer.com,Cristobal Baytrop
rhabbijamb9@pcworld.com,Rad Habbijam
ccrickettba@de.vu,Clary Crickett
ewashbb@cmu.edu,Ellynn Wash
kplumbleybc@jiathis.com,Kalil Plumbley
yrosenthalbd@addthis.com,Ynez Rosenthal
aburletonbe@spotify.com,Albertina Burleton
lslanebf@printfriendly.com,Lula Slane
tbeenbg@cocolog-nifty.com,Theobald Been
lricciardellibh@mapquest.com,Linea Ricciardelli
lgingoldbi@telegraph.co.uk,Lexine Gingold
fhoulworthbj@wordpress.org,Felicdad Houlworth
dchardinbk@desdev.cn,Devland Chardin
zzsabl@ibm.com,Zsa zsa Simmig
rblancbm@g.co,Row Blanc
sstukingsbn@statcounter.com,Sheree Stukings
gcaserbo@independent.co.uk,Gian Caser
cchristalbp@vinaora.com,Cara Christal
brisenbq@bloglines.com,Blakelee Risen
ncoltonbr@mozilla.com,Norri Colton
tmorandobs@bandcamp.com,Tierney Morando
fhallardbt@trellian.com,Fonsie Hallard
phonniebalbu@mail.ru,Philly Honniebal
tbaudaccibv@toplist.cz,Thelma Baudacci
jpummerybw@deliciousdays.com,Jeno Pummery
jolufsenbx@mail.ru,Jarrad Olufsen
kdulakeby@chicagotribune.com,Kirsten Dulake
mcowlebz@time.com,Marj Cowle
jdunkc0@boston.com,Joan Dunk
ebedowc1@netscape.com,Eric Bedow
dhubc2@engadget.com,Deirdre Hub
sglisanec3@cyberchimps.com,Shannah Glisane
bmilkehamc4@squidoo.com,Bertina Milkeham
wpachc5@elpais.com,Wally Pach
gkeenc6@pagesperso-orange.fr,Ginnie Keen
gskermc7@skyrock.com,Garwood Skerm
bkeatc8@theglobeandmail.com,Blake Keat
kallinghamc9@craigslist.org,Kasey Allingham
spickwellca@amazon.co.uk,Shepard Pickwell
rcobdencb@marketwatch.com,Robenia Cobden
dburrettcc@unesco.org,Darlene Burrett
uhanshawcd@salon.com,Urbano Hanshaw
alamersce@w3.org,Aviva Lamers
cbrimcf@ucoz.ru,Cointon Brim
mmeasecg@bandcamp.com,Malia Mease
jgoodwinch@sohu.com,Justine Goodwin
gcoggingsci@wikipedia.org,Gayle Coggings
amartinekcj@com.com,Alexa Martinek
ppulequeck@livejournal.com,Page Puleque
rgrigollicl@go.com,Rog Grigolli
jfriftcm@examiner.com,Jewell Frift
csurphlisscn@amazon.co.uk,Clio Surphliss
mlegueyco@smugmug.com,Mona Leguey
imahacp@digg.com,Inger Maha
dbottomscq@t.co,Desiree Bottoms
elinscottcr@wikispaces.com,Eadie Linscott
jphilippetcs@edublogs.org,Johnny Philippet
poakdenct@bbb.org,Pier Oakden
dgorckecu@sina.com.cn,Dido Gorcke
helvinscv@uiuc.edu,Hall Elvins
ggibbinscw@senate.gov,Giordano Gibbins
rdovercx@google.fr,Reider Dover
lolechnowiczcy@google.ca,Lenore Olechnowicz
adancercz@squidoo.com,Artemus Dancer
etwamleyd0@ibm.com,Ellie Twamley
ttidyd1@irs.gov,Tyler Tidy
ckingslandd2@reference.com,Carly Kingsland
dkynsond3@webnode.com,Demott Kynson
mfozzardd4@free.fr,Mira Fozzard
ahepherd5@shinystat.com,Anastassia Hepher
akeeld6@toplist.cz,Alfred Keel
hblenkinsopd7@prweb.com,Hale Blenkinsop
bbrennenstuhld8@devhub.com,Brade Brennenstuhl
ghauxleyd9@ovh.net,Ginnifer Hauxley
dpetraccida@si.edu,Doralynn Petracci
rgoreisrdb@mayoclinic.com,Rica Goreisr
divakindc@weibo.com,Debi Ivakin
tsimonettodd@time.com,Tessie Simonetto
rsalvagede@si.edu,Rhea Salvage
zraouldf@va.gov,Zacherie Raoul
sbushawaydg@newsvine.com,Silvan Bushaway
lfranssendh@omniture.com,Lani Franssen
imardedi@eventbrite.com,Isabelita Marde
swickwarthdj@zdnet.com,Sarette Wickwarth
bbodycombdk@csmonitor.com,Bebe Bodycomb
dleipolddl@newsvine.com,Dion Leipold
adasdm@cloudflare.com,Allyn Das
splevindn@miitbeian.gov.cn,Sabina Plevin
jrimelldo@tuttocitta.it,Jeanelle Rimell
smoninidp@state.gov,Say Monini
wwolfartdq@vk.com,Wye Wolfart
tjesseldr@liveinternet.ru,Tomi Jessel
ageramds@intel.com,Avery Geram
efrapwelldt@soundcloud.com,Eveline Frapwell
bhaledu@answers.com,Bailie Hale
hpirkisdv@bing.com,Huberto Pirkis
njovicevicdw@smh.com.au,Nani Jovicevic
eorcottdx@google.ca,Ev Orcott
skoenraaddy@nationalgeographic.com,Sharity Koenraad
rgriggdz@sfgate.com,Rheta Grigg
kluetkemeyerse0@slashdot.org,Kimbra Luetkemeyers
lwhiteare1@opensource.org,Laryssa Whitear
rrafte2@psu.edu,Rae Raft
kmountcastlee3@bbb.org,Karoly Mountcastle
vtrevore4@i2i.jp,Violet Trevor
byosifove5@java.com,Bebe Yosifov
cbullarde6@bloglovin.com,Cori Bullard
ryuranoveve7@buzzfeed.com,Rycca Yuranovev
cwyville8@stanford.edu,Catherina Wyvill
bfowdene9@weibo.com,Britta Fowden
epimlettea@ucoz.com,Eudora Pimlett
dbeadhameb@ucoz.ru,Danit Beadham
jmorecombeec@usa.gov,Jory Morecombe
ckirmaned@oracle.com,Christoforo Kirman
rshawyeree@accuweather.com,Rozina Shawyer
gfiguraef@mayoclinic.com,Greg Figura
cskilleneg@blogtalkradio.com,Charlotte Skillen
hfoskineh@vistaprint.com,Hagen Foskin
ccarnilianei@networksolutions.com,Carmon Carnilian
bminchiej@devhub.com,Benedetto Minchi
swallbanksek@army.mil,Sheryl Wallbanks
nkruschevel@answers.com,Nolie Kruschev
dshovelem@eventbrite.com,Dorene Shovel
afruinen@miibeian.gov.cn,Annis Fruin
astoyleseo@istockphoto.com,Aridatha Stoyles
hdeep@networksolutions.com,Hermy de Bullion
arablaneq@phpbb.com,Auria Rablan
aaymeser@free.fr,Alameda Aymes
nkneaphseyes@taobao.com,Noellyn Kneaphsey
sspareet@clickbank.net,Sherrie Spare
roreganeu@newsvine.com,Rebekah O'Regan
pstovinev@vk.com,Panchito Stovin
mcoathupew@merriam-webster.com,Manfred Coathup
ctitmussex@instagram.com,Carmina Titmuss
dbarthotey@nsw.gov.au,Davin Barthot
dflayez@nationalgeographic.com,Dawna Flay
ibarendtsenf0@digg.com,Inglebert Barendtsen
njanderaf1@mlb.com,Nonna Jandera
lbiffinf2@loc.gov,Laney Biffin
ospringtorpef3@amazonaws.com,Orton Springtorpe
asmoothf4@cafepress.com,Adena Smooth
gebertzf5@bbb.org,Griffy Ebertz
mlongf6@china.com.cn,Morse Long
eframef7@reddit.com,Emmanuel Frame
zpantridgef8@mayoclinic.com,Zonda Pantridge
eantognozziif9@cocolog-nifty.com,Euphemia Antognozzii
smottefa@boston.com,Sheri Motte
fandrzejakfb@kickstarter.com,Fallon Andrzejak
lbenkafc@arstechnica.com,Lotta Benka
pruppertfd@addthis.com,Piotr Ruppert
gshermarfe@dell.com,Gordie Shermar
nhalegarthff@army.mil,Norene Halegarth
ddanilewiczfg@usnews.com,Dalli Danilewicz
tbotlerfh@people.com.cn,Towney Botler
cnaishfi@upenn.edu,Chris Naish
lpimbleyfj@merriam-webster.com,Lucinda Pimbley
gcotmanfk@drupal.org,Giffard Cotman
dkivellfl@51.la,Daveta Kivell
kzavattierofm@livejournal.com,Korella Zavattiero
eperfectfn@patch.com,Elysha Perfect
dapthorpefo@free.fr,Derby Apthorpe
qsaphfp@ask.com,Quinlan Saph
atamesfq@ted.com,Agatha Tames
kjirekfr@google.pl,Karyn Jirek
rguntripfs@livejournal.com,Robyn Guntrip
dwillsheeft@canalblog.com,Desirae Willshee
rlopesfu@reverbnation.com,Ruttger Lopes
lkillimisterfv@hibu.com,Latia Killimister
jsandarsfw@mac.com,Jase Sandars
penevoldsenfx@craigslist.org,Pat Enevoldsen
ccolhounfy@mozilla.org,Carlota Colhoun
sgavriellifz@t-online.de,Sayers Gavrielli
rkaddg0@rediff.com,Rachele Kadd
cfatharlyg1@nymag.com,Courtney Fatharly
cinderwickg2@howstuffworks.com,Coralyn Inderwick
khemphallg3@mayoclinic.com,Kevyn Hemphall
drutleyg4@livejournal.com,Dorothea Rutley
scurnnokkg5@wikipedia.org,Sadye Curnnokk
pmarzellag6@samsung.com,Penny Marzella
ieacottg7@deviantart.com,Iolande Eacott
hantonomolig8@redcross.org,Harriot Antonomoli
cibbittg9@amazon.co.jp,Chery Ibbitt
szorerga@dyndns.org,Sheelagh Zorer
epainegb@multiply.com,Ernesta Paine
kmollongc@google.com,Kare Mollon
dhuyghegd@wordpress.org,Donnell Huyghe
vjimmisonge@go.com,Vassili Jimmison
aathelstangf@about.me,Angus Athelstan
mmahaddygg@weibo.com,Marinna Mahaddy
ameenangh@smugmug.com,Alanna Meenan
fhartwellgi@va.gov,Finn Hartwell
gocallerangj@who.int,Gloriana O'Calleran
ohayegk@ucoz.com,Orlan Haye
molliargl@so-net.ne.jp,Moore Olliar
fchampgm@tmall.com,Frederik Champ
cjacquotgn@slashdot.org,Cal Jacquot
norletongo@dot.gov,Nicolina Orleton
ajeenesgp@technorati.com,Araldo Jeenes
mlillfordgq@cnn.com,Myrle Lillford
jbrandigr@techcrunch.com,Jackelyn Brandi
fbartolomivisgs@netvibes.com,Falkner Bartolomivis
pdemicoligt@sohu.com,Patricia Demicoli
nmatevosiangu@aboutads.info,Nichols Matevosian
nmerrigansgv@wsj.com,Noe Merrigans
bduigenangw@ftc.gov,Benedetto Duigenan
dcornelissegx@dailymail.co.uk,Daveta Cornelisse
lkupiszgy@phoca.cz,Lazar Kupisz
hessergz@free.fr,Hayward Esser
tbriffetth0@yolasite.com,Thorndike Briffett
hemersonh1@dell.com,Harlie Emerson
stuffellh2@wired.com,Shena Tuffell
nberthoth3@sina.com.cn,Nissy Berthot
kvankeevh4@guardian.co.uk,Koenraad Vankeev
ntretheweyh5@bloglines.com,Neely Trethewey
ephilbinh6@wunderground.com,Emlyn Philbin
lstrettellh7@noaa.gov,Lisabeth Strettell
fratchfordh8@moonfruit.com,Frederich Ratchford
clicash9@elpais.com,Calida Licas
apenkethha@etsy.com,Aida Penketh
lscrowsonhb@irs.gov,Liv Scrowson
ipaddonhc@ehow.com,Irina Paddon
sdeanehd@upenn.edu,Shel Deane
nescolmehe@fastcompany.com,Norbert Escolme
nmouncehf@fastcompany.com,Neal Mounce
lwestheadhg@walmart.com,Lillis Westhead
ktrulockhh@marriott.com,Klarrisa Trulock
dfluckshi@reddit.com,Dianna Flucks
spaffleyhj@histats.com,Susie Paffley
shugganhk@blinklist.com,Shurwood Huggan
opolehl@cocolog-nifty.com,Ogdan Pole
jbratcherhm@boston.com,Jo Bratcher
lgherardinihn@goo.ne.jp,Lesli Gherardini
asharvellho@microsoft.com,Arman Sharvell
dmaphamhp@spotify.com,Donielle Mapham
alunahq@people.com.cn,Alford Luna
bfilbyhr@vimeo.com,Betty Filby
nhobbinghs@noaa.gov,Nancy Hobbing
wboutellierht@oracle.com,Wyatt Boutellier
sstobiehu@cafepress.com,Siana Stobie
rcasettihv@google.com.br,Russ Casetti
dpatishw@hatena.ne.jp,Dita Patis
mhawtreyhx@gnu.org,Mireille Hawtrey
bpetrakhy@nih.gov,Brew Petrak
tgrabbhz@google.co.uk,Tomi Grabb
adikelsi0@liveinternet.ru,Adriena Dikels
cneilsoni1@stumbleupon.com,Chas Neilson
ggianettinii2@i2i.jp,Gawain Gianettini
hivermeei3@alexa.com,Hettie Ivermee
llangdoni4@nationalgeographic.com,Leticia Langdon
hcannami5@kickstarter.com,Hussein Cannam
lgoulti6@t-online.de,Lena Goult
lmcanenyi7@skyrock.com,Lesly McAneny
mcritchardi8@usda.gov,Meryl Critchard
wmicoi9@ox.ac.uk,Winslow Mico
scannawayia@fc2.com,Sarah Cannaway
psyredib@imageshack.us,Price Syred
emcnerlinic@cyberchimps.com,Edi McNerlin
pgiacopelloid@google.es,Pebrook Giacopello
ctoulchie@weebly.com,Cindelyn Toulch
dfolbiggif@businesswire.com,Dianne Folbigg
jmcguffieig@unc.edu,Jen McGuffie
mfinleyih@webs.com,Milly Finley
epurdonii@whitehouse.gov,El Purdon
jrollingsonij@dion.ne.jp,Jacky Rollingson
mkeganik@mtv.com,Michell Kegan
gkohrtil@msu.edu,Griff Kohrt
rspilisyim@eepurl.com,Roxanna Spilisy
niredalein@mediafire.com,Nolly Iredale
lvaggsio@army.mil,Lane Vaggs
vfazakerleyip@hhs.gov,Vicki Fazakerley
hlifseyiq@chicagotribune.com,Humbert Lifsey
ocarreckir@meetup.com,Othelia Carreck
cgaucheis@typepad.com,Cristobal Gauche
hmatelaitisit@kickstarter.com,Holli Matelaitis
srodgeiu@altervista.org,Siana Rodge
jczaplaiv@gov.uk,Josh Czapla
sdensieiw@marketwatch.com,Saxe Densie
sschustix@pagesperso-orange.fr,Stephen Schust
koshesnaniy@lycos.com,Killian O'Shesnan
sweaveriz@comcast.net,Siana Weaver
jvasyunichevj0@pagesperso-orange.fr,Jerrie Vasyunichev
nallanj1@auda.org.au,Niles Allan
kpadmorej2@topsy.com,Kiel Padmore
rfortej3@instagram.com,Rivy Forte
samesburyj4@goodreads.com,Stevie Amesbury
lcaughtej5@amazon.de,Lynelle Caughte
sfargiej6@hatena.ne.jp,Sapphira Fargie
dinesonj7@irs.gov,Denice Ineson
ahalleyj8@buzzfeed.com,Alonzo Halley
nivanishevj9@disqus.com,Nevile Ivanishev
vhinceja@csmonitor.com,Van Hince
ddejb@mashable.com,Darcie De Angelis
tmontierjc@patch.com,Trix Montier
tsiveyerjd@vinaora.com,Tricia Siveyer
jproutje@delicious.com,Joanna Prout
lsarfatjf@deviantart.com,Laurie Sarfat
ddrawmerjg@samsung.com,Davide Drawmer
oshillittojh@washington.edu,Oliver Shillitto
mgiamuzzoji@devhub.com,Myrah Giamuzzo
csargejj@soup.io,Clementine Sarge
mbrooksonjk@discovery.com,Martyn Brookson
gbarnesjl@wikispaces.com,Gerhardt Barnes
lmatzljm@friendfeed.com,Lars Matzl
mgramerjn@time.com,Margarita Gramer
fbrownbridgejo@narod.ru,Frederigo Brownbridge
wrowbothamjp@nps.gov,Wally Rowbotham
bkaradzasjq@histats.com,Brook Karadzas
kdacthjr@ebay.com,Karissa D'Acth
knewburnjs@ocn.ne.jp,Katee Newburn
tpudgejt@webeden.co.uk,Tulley Pudge
adarrigoeju@multiply.com,Artair Darrigoe
claurandjv@cisco.com,Christal Laurand
hlyvenjw@edublogs.org,Hercule Lyven
tklausenjx@samsung.com,Tyrone Klausen
dmartschikjy@wired.com,Deedee Martschik
dcoombesjz@techcrunch.com,Debi Coombes
zschroderk0@columbia.edu,Zenia Schroder
oportwaink1@cam.ac.uk,Onfroi Portwain
closbiek2@blogspot.com,Connor Losbie
rreddingtonk3@bandcamp.com,Reagen Reddington
torltonk4@weibo.com,Tracee Orlton
csiegek5@smh.com.au,Charisse Siege
rdjordjevick6@apple.com,Randal Djordjevic
pbraynek7@youku.com,Pavia Brayne
bmctrusteyk8@ucoz.com,Bear McTrustey
bmonshallk9@studiopress.com,Berne Monshall
ebrabbanka@sbwire.com,Ewen Brabban
rwolferkb@imdb.com,Reyna Wolfer
pfibbitkc@europa.eu,Pollyanna Fibbit
dsigwardkd@zimbio.com,Dyane Sigward
cstarfordke@histats.com,Claudia Starford
flatourkf@nationalgeographic.com,Frank Latour
lbyngkg@about.me,Lacy Byng
kmcilhargakh@twitpic.com,Klarika McIlharga
jfearnsideki@phpbb.com,Jennifer Fearnside
tpiddockekj@cdc.gov,Tessa Piddocke
meagleshamkk@sitemeter.com,Mason Eaglesham
fkystonkl@google.it,Fedora Kyston
ddaberkm@1688.com,Dorthy Daber
dolivierkn@cdc.gov,Dinny Olivier
packeroydko@google.ru,Patrice Ackeroyd
mmacnucatorkp@technorati.com,Mathias MacNucator
kcuretonkq@posterous.com,Katey Cureton
akunnekekr@xing.com,Addy Kunneke
emacmillanks@discovery.com,Elfrida MacMillan
mwildberkt@dailymail.co.uk,Melesa Wildber
tsousaku@businessweek.com,Trumann Sousa
findkv@woothemes.com,Florinda Ind
mgaishsonkw@pinterest.com,Millicent Gaishson
abrasherkx@si.edu,Ash Brasher
ptildesleyky@domainmarket.com,Packston Tildesley
arekeskz@nytimes.com,Aeriel Rekes
sroggeronel0@adobe.com,Stearn Roggerone
dfishpooll1@rambler.ru,Diana Fishpool
dmerrymanl2@shareasale.com,Dewain Merryman
dshivlinl3@jugem.jp,Deidre Shivlin
vtryhornl4@ibm.com,Valina Tryhorn
jcraiggl5@imageshack.us,Johannah Craigg
jrothonl6@mashable.com,Jacqueline Rothon
gvereyl7@zdnet.com,Geno Verey
dhaimesl8@photobucket.com,Derek Haimes
sattenbarrowl9@pinterest.com,Sheila-kathryn Attenbarrow
ntosneyla@senate.gov,Norrie Tosney
rblackneylb@youtube.com,Ruttger Blackney
fanglinlc@360.cn,Florian Anglin
bcheckleyld@phoca.cz,Bogey Checkley
astrapple@sciencedirect.com,Angelica Strapp
pwagglf@google.com.hk,Patrica Wagg
flangstonelg@thetimes.co.uk,Feliks Langstone
gmenhenittlh@i2i.jp,Guendolen Menhenitt
gtumasianli@huffingtonpost.com,Gayel Tumasian
oabeleslj@reuters.com,Orella Abeles
ffishpoolelk@elegantthemes.com,Freedman Fishpoole
sseczykll@netlog.com,Samantha Seczyk
kuttersonlm@flavors.me,Karil Utterson
lvarianln@google.it,Loleta Varian
dcashleylo@over-blog.com,Del Cashley
jtreacylp@newsvine.com,Jolynn Treacy
ecappineerlq@mac.com,Elnore Cappineer
faishfordlr@cdc.gov,Feliza Aishford
jmcquilliamls@storify.com,Janelle McQuilliam
jjosephslt@vinaora.com,Jorry Josephs
scannelllu@marketwatch.com,Shellysheldon Cannell
bborrottlv@wiley.com,Britte Borrott
bellsonlw@npr.org,Brandais Ellson
swetherheadlx@nationalgeographic.com,Sansone Wetherhead
jsoreauly@geocities.com,Jenifer Soreau
jshalcroslz@twitpic.com,Jourdain Shalcros
mcoperm0@timesonline.co.uk,Marji Coper
cbarbarym1@surveymonkey.com,Constantia Barbary
cfallowesm2@rakuten.co.jp,Clemmie Fallowes
kabatem3@yellowbook.com,Kirstyn Abate
wfiggm4@example.com,Whitby Figg
vgraystonm5@123-reg.co.uk,Vanessa Grayston
acouchm6@4shared.com,Alwin Couch
dclearleym7@state.gov,Deeanne Clearley
lmcphilemym8@wix.com,Lora McPhilemy
fmalimoem9@ted.com,Felecia Malimoe
rpietronma@mlb.com,Rosemonde Pietron
mhendricksonmb@businesswire.com,Michaela Hendrickson
lkytleymc@umn.edu,Lee Kytley
oastlesmd@latimes.com,Obadiah Astles
ssiwardme@opera.com,Simona Siward
jhugginsmf@sohu.com,Jayme Huggins
fgoneymg@squarespace.com,Flory Goney
dbellewmh@pen.io,Daisi Bellew
randrewsmi@xinhuanet.com,Roxane Andrews
lchazottemj@businessweek.com,Lizette Chazotte
jdreimk@wunderground.com,Jerald Drei
arossbrookml@weather.com,Amelita Rossbrook
dkobierieckimm@scribd.com,Dyanna Kobieriecki
oskitchmn@creativecommons.org,Osbourn Skitch
adenisckemo@shareasale.com,Avictor Deniscke
tfeldmanmp@unicef.org,Teodora Feldman
sgentrymq@ow.ly,Shelby Gentry
rlardeuxmr@howstuffworks.com,Renee Lardeux
ctomasuttims@facebook.com,Catherine Tomasutti
ocushworthmt@msn.com,Oralle Cushworth
grijkeseismu@google.es,Gertrude Rijkeseis
nkristofferssonmv@drupal.org,Norry Kristoffersson
cpowtonmw@netvibes.com,Cristabel Powton
etynanmx@census.gov,Elvira Tynan
wlarchermy@independent.co.uk,Webster Larcher
rcastellanimz@abc.net.au,Riannon Castellani
amalmarn0@friendfeed.com,Ashlie Malmar
bhyden1@youku.com,Binni Hyde
tfoxonn2@salon.com,Tait Foxon
bstubbinsn3@sbwire.com,Bing Stubbins
adenziloen4@microsoft.com,Anny Denziloe
dedlynn5@scribd.com,Dreddy Edlyn
mcanadasn6@flavors.me,Madelin Canadas
esprasonn7@china.com.cn,Elizabet Sprason
btilten8@hubpages.com,Blanch Tilte
dvannuchin9@salon.com,Donn Vannuchi
gcleveleyna@ca.gov,Granville Cleveley
gclevelynb@yellowpages.com,Gerri Clevely
edrippnc@illinois.edu,Elvyn Dripp
zgarnhamnd@timesonline.co.uk,Zandra Garnham
mmedleyne@pinterest.com,Mel Medley
odenecampnf@cyberchimps.com,Orlando Denecamp
kcherrieng@slashdot.org,Kara-lynn Cherrie
wgilkesnh@multiply.com,Winn Gilkes
gpashbyni@mtv.com,Gerhardt Pashby
mlococknj@chicagotribune.com,Morgun Locock
pboakenk@wisc.edu,Pavlov Boake
bchidleynl@gnu.org,Blondy Chidley
mstanylandnm@imdb.com,Milena Stanyland
ktonkinsonnn@opensource.org,Kareem Tonkinson
mflawithno@hatena.ne.jp,Merrill Flawith
dallenbynp@virginia.edu,Dionis Allenby
pplaisternq@timesonline.co.uk,Pansy Plaister
igregolottinr@cloudflare.com,Ilsa Gregolotti
hraveauns@constantcontact.com,Herbie Raveau
bcairnsnt@jugem.jp,Brittany Cairns
hkroonnu@rambler.ru,Hollis Kroon
lpreblenv@ed.gov,Lavinia Preble
bbarczewskinw@typepad.com,Bennie Barczewski
challgatenx@vinaora.com,Chen Hallgate
twhartonny@cam.ac.uk,Trey Wharton
tdoulnz@github.io,Tessi Doul
ashallcroffo0@de.vu,Alex Shallcroff
gbalthasaro1@hao123.com,Geordie Balthasar
fpecko2@infoseek.co.jp,Frederick Peck
fdunbaro3@so-net.ne.jp,Friederike Dunbar
htreleaseo4@japanpost.jp,Honor Trelease
fmuato5@icq.com,Fredek Muat
aattaco6@google.com,Aron Attac
mlaughreyo7@soundcloud.com,Meta Laughrey
abattrumo8@ovh.net,Abraham Battrum
bmarcomeo9@mapy.cz,Banky Marcome
hbreissanoa@angelfire.com,Hoebart Breissan
nphillottob@desdev.cn,Nolan Phillott
alillywhiteoc@liveinternet.ru,Alfy Lillywhite
lboarerod@ft.com,Lauren Boarer
jpaveyoe@china.com.cn,Josiah Pavey
ngatfieldof@webs.com,Nataline Gatfield
earblasterog@mozilla.com,Elfie Arblaster
dcabeloh@redcross.org,Darrelle Cabel
egocheroi@google.nl,Enid Gocher
scrowdsonoj@booking.com,Stefania Crowdson
fbolithook@tripadvisor.com,Francene Bolitho
eandresenol@e-recht24.de,Erhard Andresen
cbartom@independent.co.uk,Carmon Bart
npickwellon@oaic.gov.au,Nolana Pickwell
gbrockingoo@wufoo.com,Gabey Brocking
wbaggallayop@flavors.me,Willette Baggallay
awilliamoq@independent.co.uk,Aretha William
rcooleor@macromedia.com,Rabbi Coole
ahurleros@sakura.ne.jp,Abel Hurler
rdinnageot@wikimedia.org,Roxi Dinnage
jstanworthou@odnoklassniki.ru,Jeremiah Stanworth
jduguidov@google.ru,Jillene Duguid
kdibdenow@bigcartel.com,Kirstyn Dibden
mbuddockox@state.gov,Mersey Buddock
pacomboy@amazon.de,Page Acomb
fbathurstoz@cloudflare.com,Felicdad Bathurst
ehuckettp0@creativecommons.org,Emmi Huckett
fklebesp1@wikispaces.com,Fernando Klebes
hlabbp2@guardian.co.uk,Harwilll Labb
mrosenstielp3@xinhuanet.com,Marty Rosenstiel
gcoattsp4@nyu.edu,Grange Coatts
bcollcottp5@oakley.com,Bridie Collcott
calgarp6@merriam-webster.com,Cathy Algar
cbeechcraftp7@vk.com,Constance Beechcraft
gdinesenp8@weather.com,Garv Dinesen
wwrettump9@nps.gov,Waring Wrettum
vswanbournepa@howstuffworks.com,Virgina Swanbourne
mbreenspb@gizmodo.com,Merrick Breens
mfowellpc@upenn.edu,Manon Fowell
ccosgreavepd@google.com.br,Constantin Cosgreave
abangerpe@shutterfly.com,Anestassia Banger
nmechellpf@who.int,Nananne Mechell
rhousemanpg@comsenz.com,Rita Houseman
gwhitbreadph@blogger.com,Glad Whitbread
iambridgepi@java.com,Isacco Ambridge
pbottinellipj@umich.edu,Padriac Bottinelli
jbruinpk@sogou.com,Jaime Bruin
sflexmanpl@alibaba.com,Sibyl Flexman
bclynmanspm@fotki.com,Brander Clynmans
zrouzetpn@about.com,Zared Rouzet
efaichneypo@samsung.com,Enoch Faichney
kboigpp@baidu.com,Kynthia Boig
jfarrenspq@zimbio.com,Jodi Farrens
tsupplepr@google.de,Tildy Supple
sconachieps@imdb.com,Siward Conachie
hkillnerpt@yale.edu,Hamel Killner
dfolipu@opensource.org,Dierdre Foli
dhucklesbypv@oakley.com,Devina Hucklesby
gbarkaspw@cnet.com,Gage Barkas
lwhetherpx@bing.com,Lanae Whether
ilaxpy@google.co.uk,Innis Lax
bcolpuspz@stumbleupon.com,Bradford Colpus
ehughlandq0@shop-pro.jp,Erin Hughland
bhoobanq1@devhub.com,Birk Hooban
rheggeq2@spotify.com,Rosemaria Hegge
sfinniganq3@illinois.edu,Sibley Finnigan
awynchq4@nymag.com,Astra Wynch
bkimmq5@whitehouse.gov,Bernardine Kimm
jnettingq6@gravatar.com,Jessamyn Netting
mtoulamainq7@army.mil,Merrick Toulamain
pdenisyukq8@wp.com,Pierrette Denisyuk
mnaisbetq9@dyndns.org,Madonna Naisbet
qedisqa@csmonitor.com,Quinlan Edis
dreidieqb@paginegialle.it,Dorice Reidie
hdavleyqc@java.com,Hedvige Davley
cgascoigneqd@newsvine.com,Christopher Gascoigne
tbewlayqe@quantcast.com,Tallou Bewlay
jgeogheganqf@cdc.gov,Janey Geoghegan
tmushaweqg@dedecms.com,Traver Mushawe
kchrippesqh@unicef.org,Kellia Chrippes
halesioqi@cpanel.net,Harwell Alesio
slawryqj@uiuc.edu,Susan Lawry
alydfordqk@time.com,Ardelis Lydford
bspollenql@purevolume.com,Byron Spollen
mlorinezqm@mayoclinic.com,Marten Lorinez
ibullockeqn@ucoz.com,Inga Bullocke
aeverestqo@wordpress.org,Alaster Everest
dewenceqp@twitter.com,Dolorita Ewence
briddingtonqq@eepurl.com,Bartie Riddington
asapirqr@etsy.com,Alexis Sapir
rfesslerqs@diigo.com,Rene Fessler
kbuckerfieldqt@adobe.com,Kendrick Buckerfield
pstrelitzerqu@theguardian.com,Perren Strelitzer
sinnettqv@sitemeter.com,Simeon Innett
upancostqw@unicef.org,Umeko Pancost
etoppasqx@blogs.com,Enrichetta Toppas
abuickqy@noaa.gov,Angelica Buick
bdelucaqz@apache.org,Brigitte Deluca
erantoulr0@shinystat.com,Edsel Rantoul
koddar1@usnews.com,Knox Odda
rmcreathr2@newsvine.com,Rey McReath
nhallr3@booking.com,Nancie Hall
hkermannesr4@squarespace.com,Humphrey Kermannes
cder5@unesco.org,Christel De Witt
jhuddlestoner6@admin.ch,Jermain Huddlestone
mhaineyr7@ehow.com,Merrie Hainey
ofarlamr8@clickbank.net,Omar Farlam
pstonelaker9@google.com.au,Palmer Stonelake
rpetcheyra@redcross.org,Reynolds Petchey
bblankingrb@multiply.com,Bethena Blanking
sragglesrc@howstuffworks.com,Sergent Raggles
jdird@blinklist.com,Jerrold Di Maggio
cfisbburnere@xinhuanet.com,Carlota Fisbburne
mcackettrf@un.org,Margaretha Cackett
sbosquetrg@ask.com,Stanislaus Bosquet
ezealeyrh@icio.us,Emogene Zealey
vjuarari@google.co.jp,Valene Juara
gcanasrj@mac.com,Gar Canas
tkleinsteinrk@utexas.edu,Theressa Kleinstein
wohogertierl@google.it,Winnie O'Hogertie
gbarocherm@biglobe.ne.jp,Gerry Baroche
adelrn@usnews.com,Alley Del Monte
rwanleyro@sohu.com,Reynard Wanley
ldoldonrp@aboutads.info,Lesley Doldon
blawtonrq@scientificamerican.com,Bobette Lawton
rfetherstonrr@ameblo.jp,Riccardo Fetherston
